"1","mmds-MS","2","30","1","6.93349947713504","-11.8669989542701","0.506269294600249","59.2570008095949","63.71413419177","1"
"2","cds-hnc","2","30","1","ll","-11.8669989542701","0.506269292814123","59.2570010186545","63.71413419177","mt"
"3","cds-hrp","2","30","1",NA,NA,NA,NA,NA,NA
"4","cds-hnc-w","2","30","1","ll","-11.8669989542701","0.506269292814123","59.2570010186545","63.71413419177","mt"
"5","cds-hrp-w","2","30","1",NA,NA,NA,NA,NA,NA
"1","mmds-MS","2","30","2","4.722130546732","-7.444261093464","0.56658094221187","52.9491865414379","63.71413419177","1"
"2","cds-hnc","2","30","2","ll","-7.44426109346398","0.566580940356931","52.9491867147892","63.71413419177","mt"
"3","cds-hnc","2","30","2","ll","-11.342242151824","0.729793939609603","41.1074940085803","63.71413419177","mt"
"4","cds-hnc-w","2","30","2","ll","-7.44426109346398","0.566580940356931","52.9491867147892","63.71413419177","mt"
"5","cds-hnc-w","2","30","2","ll","-11.342242151824","0.729793939609603","41.1074940085803","63.71413419177","mt"
"1","mmds-MS","2","30","3","7.5872662428659","-13.1745324857318","0.491425507702727","61.0468922141249","63.71413419177","1"
"2","cds-hnc","2","30","3","ll","-13.1745324857301","0.491425599343912","61.0468808300832","63.71413419177","mt"
"3","cds-hnc","2","30","3","ll","-12.8024423582803","0.667473926945201","44.9455758329014","63.71413419177","mt"
"4","cds-hnc-w","2","30","3","ll","-13.1745324857301","0.491425599343912","61.0468808300832","63.71413419177","mt"
"5","cds-hnc-w","2","30","3","ll","-12.8024423582803","0.667473926945201","44.9455758329014","63.71413419177","mt"
"1","mmds-MS","2","30","4","6.42462359839734","-10.8492471967947","0.518618122127579","57.8460310583209","63.71413419177","1"
"2","cds-hnc","2","30","4","ll","-10.8492471967933","0.518618030199293","57.8460413118914","63.71413419177","mt"
"3","cds-hnc","2","30","4","ll","-11.2847230117532","0.343762440781246","87.2695688680269","63.71413419177","mt"
"4","cds-hnc-w","2","30","4","ll","-10.8492471967933","0.518618030199293","57.8460413118914","63.71413419177","mt"
"5","cds-hnc-w","2","30","4","ll","-11.2847230117532","0.343762440781246","87.2695688680269","63.71413419177","mt"
"1","mmds-MS","2","30","5","7.90602609674677","-13.8120521934935","0.484555947261882","61.9123553627261","63.71413419177","1"
"2","cds-hnc","2","30","5","ll","-13.8120521934935","0.484555944859625","61.9123556696657","63.71413419177","mt"
"3","cds-hnc","2","30","5","ll","-13.0557750343063","0.610186533132153","49.1652935144386","63.71413419177","mt"
"4","cds-hnc-w","2","30","5","ll","-13.8120521934935","0.484555944859625","61.9123556696657","63.71413419177","mt"
"5","cds-hnc-w","2","30","5","ll","-13.0557750343063","0.610186533132153","49.1652935144386","63.71413419177","mt"
"1","mmds-MS","2","30","6","4.21393814485418","-6.42787628970836","0.583543693820917","51.4100320467291","63.71413419177","1"
"2","cds-hnc","2","30","6","ll","-6.42787628970744","0.583543605703737","51.4100398098285","63.71413419177","mt"
"3","cds-hnc","2","30","6","ll","-8.91868685637616","0.662083832407205","45.3114825216709","63.71413419177","mt"
"4","cds-hnc-w","2","30","6","ll","-6.42787628970744","0.583543605703737","51.4100398098285","63.71413419177","mt"
"5","cds-hnc-w","2","30","6","ll","-8.91868685637616","0.662083832407205","45.3114825216709","63.71413419177","mt"
"1","mmds-MS","2","30","7","5.58071658414876","-9.16143316829752","0.540935351525628","55.459492368893","63.71413419177","1"
"2","cds-hnc","2","30","7","ll","-9.16143316829626","0.540935440643606","55.4594832320581","63.71413419177","mt"
"3","cds-hnc","2","30","7","ll","-10.9905588670924","0.680784985360148","44.0667768019729","63.71413419177","mt"
"4","cds-hnc-w","2","30","7","ll","-9.16143316829626","0.540935440643606","55.4594832320581","63.71413419177","mt"
"5","cds-hnc-w","2","30","7","ll","-10.9905588670924","0.680784985360148","44.0667768019729","63.71413419177","mt"
"1","mmds-MS","2","30","8","4.18298409689261","-6.36596819378523","0.584627551099036","51.3147215583721","63.71413419177","1"
"2","cds-hnc","2","30","8","ll","-6.36596819378522","0.584627548628162","51.314721775249","63.71413419177","mt"
"3","cds-hrp","2","30","8",NA,NA,NA,NA,NA,NA
"4","cds-hnc-w","2","30","8","ll","-6.36596819378522","0.584627548628162","51.314721775249","63.71413419177","mt"
"5","cds-hrp-w","2","30","8",NA,NA,NA,NA,NA,NA
"1","mmds-MS","2","30","9","3.02069066126651","-4.04138132253301","0.630708279938158","47.5655718408224","63.71413419177","1"
"2","cds-hnc","2","30","9","ll","-4.04138132253301","0.630708277676715","47.5655720113717","63.71413419177","mt"
"3","cds-hnc","2","30","9","ll","-8.21798120547125","0.75140801045602","39.9250468221564","63.71413419177","mt"
"4","cds-hnc-w","2","30","9","ll","-4.04138132253301","0.630708277676715","47.5655720113717","63.71413419177","mt"
"5","cds-hnc-w","2","30","9","ll","-8.21798120547125","0.75140801045602","39.9250468221564","63.71413419177","mt"
"1","mmds-MS","2","30","10","2.39013892794766","-2.78027785589531","0.661674066024744","45.3395433498494","63.71413419177","1"
"2","cds-hnc","2","30","10","ll","-2.78027785589529","0.661674069153403","45.339543135466","63.71413419177","mt"
"3","cds-hnc","2","30","10","ll","-5.15446662062549","0.766534772314755","39.137167788758","63.71413419177","mt"
"4","cds-hnc-w","2","30","10","ll","-2.78027785589529","0.661674069153403","45.339543135466","63.71413419177","mt"
"5","cds-hnc-w","2","30","10","ll","-5.15446662062549","0.766534772314755","39.137167788758","63.71413419177","mt"
"1","mmds-MS","2","30","11","9.23912176727831","-16.4782435345566","0.458019309849443","65.4994218690504","63.71413419177","1"
"2","cds-hnc","2","30","11","ll","-16.4782435345566","0.458019311173003","65.4994216797737","63.71413419177","mt"
"3","cds-hnc","2","30","11","ll","-15.3849870244349","0.56024967013818","53.547554954563","63.71413419177","mt"
"4","cds-hnc-w","2","30","11","ll","-16.4782435345566","0.458019311173003","65.4994216797737","63.71413419177","mt"
"5","cds-hnc-w","2","30","11","ll","-15.3849870244349","0.56024967013818","53.547554954563","63.71413419177","mt"
"1","mmds-MS","2","30","12","5.93383387340274","-9.86766774680547","0.531290882786221","56.4662428285473","63.71413419177","1"
"2","cds-hnc","2","30","12","ll","-9.86766774680546","0.531290882306401","56.4662428795432","63.71413419177","mt"
"3","cds-hrp","2","30","12",NA,NA,NA,NA,NA,NA
"4","cds-hnc-w","2","30","12","ll","-9.86766774680546","0.531290882306401","56.4662428795432","63.71413419177","mt"
"5","cds-hnc-w","2","30","12","ll","-8.94231119965922","0.631973741289116","47.4703267556738","63.71413419177","mt"
"1","mmds-MS","2","30","13","2.39808687405987","-2.79617374811973","0.661247873694333","45.3687659249362","63.71413419177","1"
"2","cds-hnc","2","30","13","ll","-2.79617374811972","0.661247873088853","45.3687659664787","63.71413419177","mt"
"3","cds-hrp","2","30","13",NA,NA,NA,NA,NA,NA
"4","cds-hnc-w","2","30","13","ll","-2.79617374811972","0.661247873088853","45.3687659664787","63.71413419177","mt"
"5","cds-hrp-w","2","30","13",NA,NA,NA,NA,NA,NA
"1","mmds-MS","2","30","14","4.91012417213101","-7.82024834426202","0.560668480539728","53.5075557861224","63.71413419177","1"
"2","cds-hnc","2","30","14","ll","-7.820248344262","0.560668478475983","53.5075559830765","63.71413419177","mt"
"3","cds-hrp","2","30","14",NA,NA,NA,NA,NA,NA
"4","cds-hnc-w","2","30","14","ll","-7.820248344262","0.560668478475983","53.5075559830765","63.71413419177","mt"
"5","cds-hrp-w","2","30","14",NA,NA,NA,NA,NA,NA
"1","mmds-MS","2","30","15","7.08760788506933","-12.1752157701387","0.502672625320376","59.6809901491645","63.71413419177","1"
"2","cds-hnc","2","30","15","ll","-12.1752157701371","0.502672540349674","59.6810002375126","63.71413419177","mt"
"3","cds-hnc","2","30","15","ll","-12.7679287594496","0.624474946871484","48.0403579844076","63.71413419177","mt"
"4","cds-hnc-w","2","30","15","ll","-12.1752157701371","0.502672540349674","59.6810002375126","63.71413419177","mt"
"5","cds-hnc-w","2","30","15","ll","-12.7679287594496","0.624474946871484","48.0403579844076","63.71413419177","mt"
"1","mmds-MS","2","30","16","3.56647078649253","-1.13294157298506","0.115503591268419","259.732183826934","63.71413419177","2"
"2","cds-hnc","2","30","16","ll","1.22054600345895","0.726185526483664","41.3117569903466","63.71413419177","mt"
"3","cds-hnc","2","30","16","ll","7.63992458636524","0.828991924437996","36.1885310527459","63.71413419177","mt"
"4","cds-hnc-w","2","30","16","ll","1.22054578094305","0.726185524615885","41.3117570966021","63.71413419177","mt"
"5","cds-hrp-w","2","30","16",NA,NA,NA,NA,NA,NA
"1","mmds-MS","2","30","17","10.2507784901987","-14.5015569803973","0.0505492585549155","593.48051499922","63.71413419177","2"
"2","cds-hnc","2","30","17","ll","-14.464373552089","0.477751925871469","62.7940953775893","63.71413419177","mt"
"3","cds-hnc","2","30","17","ll","-19.7419546107448","0.631970251032537","47.4705889256414","63.71413419177","mt"
"4","cds-hnc-w","2","30","17","ll","-14.464373552089","0.477751925871469","62.7940953775893","63.71413419177","mt"
"5","cds-hnc-w","2","30","17","ll","-8.71233121574967","0.66666667914283","44.999999157859","63.71413419177","mt"
"1","mmds-MS","2","30","18","5.88785661442673","-9.77571322885346","0.532520353245113","56.335874896018","63.71413419177","1"
"2","cds-hnc","2","30","18","ll","-9.77571322885214","0.532520440879241","56.3358656251152","63.71413419177","mt"
"3","cds-hnc","2","30","18","ll","-12.0684796333327","0.618107056129636","48.5352815543786","63.71413419177","mt"
"4","cds-hnc-w","2","30","18","ll","-9.77571322885214","0.532520440879241","56.3358656251152","63.71413419177","mt"
"5","cds-hnc-w","2","30","18","ll","-12.0684796333327","0.618107056129636","48.5352815543786","63.71413419177","mt"
"1","mmds-MS","2","30","19","3.56076936224781","-5.12153872449562","0.607860222377696","49.3534514935893","63.71413419177","1"
"2","cds-hnc","2","30","19","ll","-5.1215387244956","0.607860218516271","49.3534518071065","63.71413419177","mt"
"3","cds-hnc","2","30","19","ll","-3.20722130007473","0.730378733992346","41.0745803564352","63.71413419177","mt"
"4","cds-hnc-w","2","30","19","ll","-5.1215387244956","0.607860218516271","49.3534518071065","63.71413419177","mt"
"5","cds-hnc-w","2","30","19","ll","-3.20722130007473","0.730378733992346","41.0745803564352","63.71413419177","mt"
"1","mmds-MS","2","30","20","6.82615390127303","-7.65230780254606","0.0114602867136911","2617.73555491943","63.71413419177","2"
"2","cds-hnc","2","30","20","ll","-6.66303936031231","0.579482199273763","51.770356427855","63.71413419177","mt"
"3","cds-hnc","2","30","20","ll","-9.04807328937475","0.740407922084874","40.5182050396282","63.71413419177","mt"
"4","cds-hnc-w","2","30","20","ll","-6.66303936031231","0.579482199273763","51.770356427855","63.71413419177","mt"
"5","cds-hnc-w","2","30","20","ll","-9.04807328937475","0.740407922084874","40.5182050396282","63.71413419177","mt"
"1","mmds-MS","2","30","21","6.60533711793708","-11.2106742358742","0.5141461571721","58.3491670248118","63.71413419177","1"
"2","cds-hnc","2","30","21","ll","-11.2106742358727","0.514146246061683","58.3491569369562","63.71413419177","mt"
"3","cds-hrp","2","30","21",NA,NA,NA,NA,NA,NA
"4","cds-hnc-w","2","30","21","ll","-11.2106742358727","0.514146246061683","58.3491569369562","63.71413419177","mt"
"5","cds-hrp-w","2","30","21",NA,NA,NA,NA,NA,NA
"1","mmds-MS","2","30","22","1.69811130545267","-1.39622261090534","0.703565182263552","42.6399724663495","63.71413419177","1"
"2","cds-hnc","2","30","22","ll","-1.39622261090495","0.703565104986627","42.6399771497624","63.71413419177","mt"
"3","cds-hnc","2","30","22","ll","-2.50629940864684","0.79609764971677","37.6838193287886","63.71413419177","mt"
"4","cds-hnc-w","2","30","22","ll","-1.39622261090495","0.703565104986627","42.6399771497624","63.71413419177","mt"
"5","cds-hnc-w","2","30","22","ll","-2.50629940864684","0.79609764971677","37.6838193287886","63.71413419177","mt"
"1","mmds-MS","2","30","23","7.12101281459083","-12.2420256291817","0.501901261662489","59.7727128651332","63.71413419177","1"
"2","cds-hnc","2","30","23","ll","-12.2420256291816","0.5019012600114","59.7727130617655","63.71413419177","mt"
"3","cds-hnc","2","30","23","ll","-15.3250286691134","0.66864905774813","44.8665853221026","63.71413419177","mt"
"4","cds-hnc-w","2","30","23","ll","-12.2420256291816","0.5019012600114","59.7727130617655","63.71413419177","mt"
"5","cds-hnc-w","2","30","23","ll","-15.3250286691134","0.66864905774813","44.8665853221026","63.71413419177","mt"
"1","mmds-MS","2","30","24","5.65813091854255","-9.3162618370851","0.538780329386831","55.6813201293783","63.71413419177","1"
"2","cds-hnc","2","30","24","ll","-9.31626183708511","0.538780328170441","55.6813202550885","63.71413419177","mt"
"3","cds-hnc","2","30","24","ll","-10.7789560221874","0.755921540478718","39.6866584606139","63.71413419177","mt"
"4","cds-hnc-w","2","30","24","ll","-9.31626183708511","0.538780328170441","55.6813202550885","63.71413419177","mt"
"5","cds-hnc-w","2","30","24","ll","-7.77959734802431","0.617044301213901","48.618875404864","63.71413419177","mt"
"1","mmds-MS","2","30","25","3.1610382067701","-4.3220764135402","0.624489673872028","48.0392250747571","63.71413419177","1"
"2","cds-hnc","2","30","25","ll","-4.32207641353947","0.624489753340365","48.0392189616106","63.71413419177","mt"
"3","cds-hrp","2","30","25",NA,NA,NA,NA,NA,NA
"4","cds-hnc-w","2","30","25","ll","-4.32207641353947","0.624489753340365","48.0392189616106","63.71413419177","mt"
"5","cds-hrp-w","2","30","25",NA,NA,NA,NA,NA,NA
"1","mmds-MS","2","30","26","4.68499491918471","-7.36998983836942","0.567770689470413","52.8382330338018","63.71413419177","1"
"2","cds-hnc","2","30","26","ll","-7.3699898383683","0.567770599731741","52.8382413851198","63.71413419177","mt"
"3","cds-hrp","2","30","26",NA,NA,NA,NA,NA,NA
"4","cds-hnc-w","2","30","26","ll","-7.3699898383683","0.567770599731741","52.8382413851198","63.71413419177","mt"
"5","cds-hrp-w","2","30","26",NA,NA,NA,NA,NA,NA
"1","mmds-MS","2","30","27","4.21809512625968","-6.43619025251935","0.583398608925424","51.4228171631361","63.71413419177","1"
"2","cds-hnc","2","30","27","ll","-6.43619025251932","0.583398606677225","51.4228173613002","63.71413419177","mt"
"3","cds-hnc","2","30","27","ll","-7.3646036342394","0.667855167899374","44.9199189314652","63.71413419177","mt"
"4","cds-hnc-w","2","30","27","ll","-6.43619025251932","0.583398606677225","51.4228173613002","63.71413419177","mt"
"5","cds-hnc-w","2","30","27","ll","-7.3646036342394","0.667855167899374","44.9199189314652","63.71413419177","mt"
"1","mmds-MS","2","30","28","10.0170624841598","-18.0341249683196","0.443911003572527","67.5811136884751","63.71413419177","1"
"2","cds-hnc","2","30","28","ll","-18.0341249683172","0.443910910498112","67.5811278581484","63.71413419177","mt"
"3","cds-hrp","2","30","28",NA,NA,NA,NA,NA,NA
"4","cds-hnc-w","2","30","28","ll","-18.0341249683172","0.443910910498112","67.5811278581484","63.71413419177","mt"
"5","cds-hrp-w","2","30","28",NA,NA,NA,NA,NA,NA
"1","mmds-MS","2","30","29","6.34303892418723","-10.6860778483745","0.520669979142447","57.6180713345727","63.71413419177","1"
"2","cds-hnc","2","30","29","ll","-10.6860778483744","0.520669978853534","57.6180713665442","63.71413419177","mt"
"3","cds-hnc","2","30","29","ll","-8.90323476616602","0.61448756606635","48.8211668659879","63.71413419177","mt"
"4","cds-hnc-w","2","30","29","ll","-10.6860778483744","0.520669978853534","57.6180713665442","63.71413419177","mt"
"5","cds-hnc-w","2","30","29","ll","-7.7015869354232","0.575785796907602","52.1027093080835","63.71413419177","mt"
"1","mmds-MS","2","30","30","5.49134980853588","-8.98269961707175","0.543452800375193","55.2025860926439","63.71413419177","1"
"2","cds-hnc","2","30","30","ll","-8.98269961707173","0.543452802473258","55.2025858795277","63.71413419177","mt"
"3","cds-hnc","2","30","30","ll","-6.64133473445289","0.735238880078265","40.8030652524885","63.71413419177","mt"
"4","cds-hnc-w","2","30","30","ll","-8.98269961707173","0.543452802473258","55.2025858795277","63.71413419177","mt"
"5","cds-hnc-w","2","30","30","ll","-6.64133473445289","0.735238880078265","40.8030652524885","63.71413419177","mt"
"1","mmds-MS","2","30","31","1.68204346783653","-1.36408693567306","0.70467376976721","42.5728915806112","63.71413419177","1"
"2","cds-hnc","2","30","31","ll","-1.36408693567304","0.704673772686649","42.5728914042332","63.71413419177","mt"
"3","cds-hnc","2","30","31","ll","-8.73371969559942","0.761014038995107","39.4210861597428","63.71413419177","mt"
"4","cds-hnc-w","2","30","31","ll","-1.36408693567304","0.704673772686649","42.5728914042332","63.71413419177","mt"
"5","cds-hnc-w","2","30","31","ll","-8.73371969559942","0.761014038995107","39.4210861597428","63.71413419177","mt"
"1","mmds-MS","2","30","32","4.58448825176789","-7.16897650353579","0.571028268442283","52.5368036189127","63.71413419177","1"
"2","cds-hnc","2","30","32","ll","-7.16897650353577","0.571028266808693","52.5368037692093","63.71413419177","mt"
"3","cds-hrp","2","30","32",NA,NA,NA,NA,NA,NA
"4","cds-hnc-w","2","30","32","ll","-7.16897650353577","0.571028266808693","52.5368037692093","63.71413419177","mt"
"5","cds-hrp-w","2","30","32",NA,NA,NA,NA,NA,NA
"1","mmds-MS","2","30","33","7.0193473669312","-12.0386947338624","0.504257938224669","59.4933618806685","63.71413419177","1"
"2","cds-hnc","2","30","33","ll","-12.0386947338624","0.504257943646386","59.4933612410034","63.71413419177","mt"
"3","cds-hnc","2","30","33","ll","-14.5421823010898","0.655420959129069","45.772109637544","63.71413419177","mt"
"4","cds-hnc-w","2","30","33","ll","-12.0386947338624","0.504257943646386","59.4933612410034","63.71413419177","mt"
"5","cds-hnc-w","2","30","33","ll","-14.5421823010898","0.655420959129069","45.772109637544","63.71413419177","mt"
"1","mmds-MS","2","30","34","2.96390093345723","-3.92780186691445","0.633286735298209","47.371906480677","63.71413419177","1"
"2","cds-hnc","2","30","34","ll","-3.92780186691446","0.633286735261923","47.3719064833913","63.71413419177","mt"
"3","cds-hnc","2","30","34","ll","-2.11591584448624","0.742215381199556","40.4195342213395","63.71413419177","mt"
"4","cds-hnc-w","2","30","34","ll","-3.92780186691446","0.633286735261923","47.3719064833913","63.71413419177","mt"
"5","cds-hnc-w","2","30","34","ll","-2.11591584448624","0.742215381199556","40.4195342213395","63.71413419177","mt"
"1","mmds-MS","2","30","35","1.9241148649822","-1.8482297299644","0.688711292414766","43.559616824074","63.71413419177","1"
"2","cds-hnc","2","30","35","ll","-1.8482297299644","0.688711291633697","43.5596168734751","63.71413419177","mt"
"3","cds-hnc","2","30","35","ll","-2.49519381129769","0.822177197209305","36.4884846014074","63.71413419177","mt"
"4","cds-hnc-w","2","30","35","ll","-1.8482297299644","0.688711291633697","43.5596168734751","63.71413419177","mt"
"5","cds-hnc-w","2","30","35","ll","-2.49519381129769","0.822177197209305","36.4884846014074","63.71413419177","mt"
"1","mmds-MS","2","30","36","3.05488113520736","-4.10976227041471","0.629173516190369","47.6816001119203","63.71413419177","1"
"2","cds-hnc","2","30","36","ll","-4.1097622704147","0.629173515302278","47.6816001792239","63.71413419177","mt"
"3","cds-hnc","2","30","36","ll","-3.93146656771032","0.753284946964818","39.8255668334776","63.71413419177","mt"
"4","cds-hnc-w","2","30","36","ll","-4.1097622704147","0.629173515302278","47.6816001792239","63.71413419177","mt"
"5","cds-hnc-w","2","30","36","ll","-3.93146656771032","0.753284946964818","39.8255668334776","63.71413419177","mt"
"1","mmds-MS","2","30","37","3.46531161097019","-4.93062322194038","0.611696433888386","49.0439347656455","63.71413419177","1"
"2","cds-hnc","2","30","37","ll","-4.93062322194036","0.611696429742565","49.0439350980446","63.71413419177","mt"
"3","cds-hnc","2","30","37","ll","-7.20025707530125","0.722179031710933","41.5409457803368","63.71413419177","mt"
"4","cds-hnc-w","2","30","37","ll","-4.93062322194036","0.611696429742565","49.0439350980446","63.71413419177","mt"
"5","cds-hnc-w","2","30","37","ll","-7.20025707530125","0.722179031710933","41.5409457803368","63.71413419177","mt"
"1","mmds-MS","2","30","38","5.22903027466029","-8.45806054932058","0.551034757944527","54.4430266284947","63.71413419177","1"
"2","cds-hnc","2","30","38","ll","-8.45806054932056","0.551034759684638","54.4430264565692","63.71413419177","mt"
"3","cds-hnc","2","30","38","ll","-8.71949271188547","0.697423888498267","43.015446552308","63.71413419177","mt"
"4","cds-hnc-w","2","30","38","ll","-8.45806054932056","0.551034759684638","54.4430264565692","63.71413419177","mt"
"5","cds-hnc-w","2","30","38","ll","-8.71949271188547","0.697423888498267","43.015446552308","63.71413419177","mt"
"1","mmds-MS","2","30","39","5.47652016162605","-8.95304032325209","0.543873689718008","55.1598662835753","63.71413419177","1"
"2","cds-hnc","2","30","39","ll","-8.95304032325208","0.54387369093851","55.1598661597915","63.71413419177","mt"
"3","cds-hnc","2","30","39","ll","-7.16059390265914","0.647784363180794","46.3117075761014","63.71413419177","mt"
"4","cds-hnc-w","2","30","39","ll","-8.95304032325208","0.54387369093851","55.1598661597915","63.71413419177","mt"
"5","cds-hnc-w","2","30","39","ll","-7.16059390265914","0.647784363180794","46.3117075761014","63.71413419177","mt"
"1","mmds-MS","2","30","40","6.77166064803392","-11.5433212960678","0.510115791845393","58.8101769825084","63.71413419177","1"
"2","cds-hnc","2","30","40","ll","-11.5433212960678","0.510115789728364","58.8101772265763","63.71413419177","mt"
"3","cds-hrp","2","30","40",NA,NA,NA,NA,NA,NA
"4","cds-hnc-w","2","30","40","ll","-11.5433212960678","0.510115789728364","58.8101772265763","63.71413419177","mt"
"5","cds-hrp-w","2","30","40",NA,NA,NA,NA,NA,NA
"1","mmds-MS","2","30","41","3.70195294582925","-5.40390589165849","0.602328659429971","49.8066952822588","63.71413419177","1"
"2","cds-hnc","2","30","41","ll","-5.40390589165847","0.602328658450625","49.8066953632411","63.71413419177","mt"
"3","cds-hrp","2","30","41",NA,NA,NA,NA,NA,NA
"4","cds-hnc-w","2","30","41","ll","-5.40390589165847","0.602328658450625","49.8066953632411","63.71413419177","mt"
"5","cds-hrp-w","2","30","41",NA,NA,NA,NA,NA,NA
"1","mmds-MS","2","30","42","4.61085429034572","-7.22170858069143","0.570168323707863","52.6160411804482","63.71413419177","1"
"2","cds-hnc","2","30","42","ll","-7.22170858069039","0.570168412607622","52.616032976638","63.71413419177","mt"
"3","cds-hnc","2","30","42","ll","-8.09484262981035","0.705503205810032","42.5228400848372","63.71413419177","mt"
"4","cds-hnc-w","2","30","42","ll","-7.22170858069039","0.570168412607622","52.616032976638","63.71413419177","mt"
"5","cds-hnc-w","2","30","42","ll","-8.09484262981035","0.705503205810032","42.5228400848372","63.71413419177","mt"
"1","mmds-MS","2","30","43","8.60559133188815","-15.2111826637763","0.470221454521663","63.7997260897374","63.71413419177","1"
"2","cds-hnc","2","30","43","ll","-15.2111826637744","0.4702213646965","63.7997382772329","63.71413419177","mt"
"3","cds-hnc","2","30","43","ll","-11.4737669048707","0.469465210897632","63.9024986380548","63.71413419177","mt"
"4","cds-hnc-w","2","30","43","ll","-15.2111826637744","0.4702213646965","63.7997382772329","63.71413419177","mt"
"5","cds-hnc-w","2","30","43","ll","-17.397451220646","0.677085598167508","44.3075440995839","63.71413419177","mt"
"1","mmds-MS","2","30","44","1.92832296648388","-1.85664593296776","0.688446889674291","43.5763461930857","63.71413419177","1"
"2","cds-hnc","2","30","44","ll","-1.85664593296729","0.688446804682093","43.5763515728034","63.71413419177","mt"
"3","cds-hnc","2","30","44","ll","-3.84186662550687","0.819919923164975","36.5889389346668","63.71413419177","mt"
"4","cds-hnc-w","2","30","44","ll","-1.85664593296729","0.688446804682093","43.5763515728034","63.71413419177","mt"
"5","cds-hrp-w","2","30","44",NA,NA,NA,NA,NA,NA
"1","mmds-MS","2","30","45","4.04851998954303","-6.09703997908607","0.589409541995858","50.8983955339679","63.71413419177","1"
"2","cds-hnc","2","30","45","ll","-6.09703997908606","0.589409540255947","50.8983956842176","63.71413419177","mt"
"3","cds-hnc","2","30","45","ll","-5.18446564261868","0.679552887455521","44.1466743115908","63.71413419177","mt"
"4","cds-hnc-w","2","30","45","ll","-6.09703997908606","0.589409540255947","50.8983956842176","63.71413419177","mt"
"5","cds-hnc-w","2","30","45","ll","-5.18446564261868","0.679552887455521","44.1466743115908","63.71413419177","mt"
"1","mmds-MS","2","30","46","1.76776321895218","-1.53552643790436","0.698844053154074","42.9280321762799","63.71413419177","1"
"2","cds-hnc","2","30","46","ll","-1.53552643790435","0.698844054481761","42.9280320947239","63.71413419177","mt"
"3","cds-hnc","2","30","46","ll","0.395283840448601","0.719093333216163","41.719201964819","63.71413419177","mt"
"4","cds-hnc-w","2","30","46","ll","-1.53552643790435","0.698844054481761","42.9280320947239","63.71413419177","mt"
"5","cds-hnc-w","2","30","46","ll","0.395283840448601","0.719093333216163","41.719201964819","63.71413419177","mt"
"1","mmds-MS","2","30","47","5.29426050654754","-4.58852101309507","0.182793467269685","164.119650707973","63.71413419177","2"
"2","cds-hnc","2","30","47","ll","-4.18510445477275","0.627497484974142","47.8089565589832","63.71413419177","mt"
"3","cds-hnc","2","30","47","ll","-4.53777786440554","0.806255525369038","37.2090473256211","63.71413419177","mt"
"4","cds-hnc-w","2","30","47","ll","-4.18510445477275","0.627497484974142","47.8089565589832","63.71413419177","mt"
"5","cds-hnc-w","2","30","47","ll","-4.53777786440554","0.806255525369038","37.2090473256211","63.71413419177","mt"
"1","mmds-MS","2","30","48","5.00536352619858","-8.01072705239716","0.557740947117073","53.7884122639158","63.71413419177","1"
"2","cds-hnc","2","30","48","ll","-8.01072705239716","0.557740947328232","53.7884122435517","63.71413419177","mt"
"3","cds-hnc","2","30","48","ll","-11.1296394910481","0.750467502617365","39.9750820593438","63.71413419177","mt"
"4","cds-hnc-w","2","30","48","ll","-8.01072705239716","0.557740947328232","53.7884122435517","63.71413419177","mt"
"5","cds-hnc-w","2","30","48","ll","-11.1296394910481","0.750467502617365","39.9750820593438","63.71413419177","mt"
"1","mmds-MS","2","30","49","3.3790202836775","-4.75804056735499","0.615234540610655","48.7618916360309","63.71413419177","1"
"2","cds-hnc","2","30","49","ll","-4.75804056735499","0.615234538943933","48.761891768131","63.71413419177","mt"
"3","cds-hrp","2","30","49",NA,NA,NA,NA,NA,NA
"4","cds-hnc-w","2","30","49","ll","-4.75804056735499","0.615234538943933","48.761891768131","63.71413419177","mt"
"5","cds-hrp-w","2","30","49",NA,NA,NA,NA,NA,NA
"1","mmds-MS","2","30","50","3.88577686813844","-5.77155373627688","0.595365020395623","50.3892552842034","63.71413419177","1"
"2","cds-hnc","2","30","50","ll","-5.77155373627688","0.595365023275505","50.389255040462","63.71413419177","mt"
"3","cds-hnc","2","30","50","ll","-5.41222433679976","0.719805098367108","41.6779487503709","63.71413419177","mt"
"4","cds-hnc-w","2","30","50","ll","-5.77155373627688","0.595365023275505","50.389255040462","63.71413419177","mt"
"5","cds-hnc-w","2","30","50","ll","-5.41222433679976","0.719805098367108","41.6779487503709","63.71413419177","mt"
"1","mmds-MS","2","30","51","5.96928818512596","-9.93857637025192","0.53034797268511","56.5666346344502","63.71413419177","1"
"2","cds-hnc","2","30","51","ll","-9.93857637025049","0.530347880452366","56.5666444719477","63.71413419177","mt"
"3","cds-hnc","2","30","51","ll","-6.83245104307231","0.592532421053034","50.6301409578311","63.71413419177","mt"
"4","cds-hnc-w","2","30","51","ll","-9.93857637025049","0.530347880452366","56.5666444719477","63.71413419177","mt"
"5","cds-hnc-w","2","30","51","ll","-11.5065420885974","0.647413411558421","46.3382430212335","63.71413419177","mt"
"1","mmds-MS","2","30","52","5.51783094491455","-9.0356618898291","0.542703463759716","55.2788069421326","63.71413419177","1"
"2","cds-hnc","2","30","52","ll","-9.0356618898291","0.542703464774354","55.2788068387834","63.71413419177","mt"
"3","cds-hrp","2","30","52",NA,NA,NA,NA,NA,NA
"4","cds-hnc-w","2","30","52","ll","-9.0356618898291","0.542703464774354","55.2788068387834","63.71413419177","mt"
"5","cds-hrp-w","2","30","52",NA,NA,NA,NA,NA,NA
"1","mmds-MS","2","30","53","3.80579821956297","-5.61159643912594","0.598362823709205","50.1368046464389","63.71413419177","1"
"2","cds-hnc","2","30","53","ll","-5.61159643912592","0.598362822397388","50.136804756356","63.71413419177","mt"
"3","cds-hnc","2","30","53","ll","-15.0596264434492","0.702302784762074","42.7166183175016","63.71413419177","mt"
"4","cds-hnc-w","2","30","53","ll","-5.61159643912592","0.598362822397388","50.136804756356","63.71413419177","mt"
"5","cds-hnc-w","2","30","53","ll","-15.0596264434492","0.702302784762074","42.7166183175016","63.71413419177","mt"
"1","mmds-MS","2","30","54","4.13731223154694","-6.27462446309387","0.586238211257064","51.1737369279824","63.71413419177","1"
"2","cds-hnc","2","30","54","ll","-6.27462446309384","0.58623820897397","51.1737371272776","63.71413419177","mt"
"3","cds-hnc","2","30","54","ll","-7.72082554876492","0.715027411579156","41.9564334376276","63.71413419177","mt"
"4","cds-hnc-w","2","30","54","ll","-6.27462446309384","0.58623820897397","51.1737371272776","63.71413419177","mt"
"5","cds-hnc-w","2","30","54","ll","-7.72082554876492","0.715027411579156","41.9564334376276","63.71413419177","mt"
"1","mmds-MS","2","30","55","3.18853840203713","-4.37707680407425","0.623295794292801","48.1312408565798","63.71413419177","1"
"2","cds-hnc","2","30","55","ll","-4.37707680407424","0.623295798678744","48.1312405178949","63.71413419177","mt"
"3","cds-hnc","2","30","55","ll","-5.9232127269486","0.74514125803457","40.260822597758","63.71413419177","mt"
"4","cds-hnc-w","2","30","55","ll","-4.37707680407424","0.623295798678744","48.1312405178949","63.71413419177","mt"
"5","cds-hnc-w","2","30","55","ll","-5.9232127269486","0.74514125803457","40.260822597758","63.71413419177","mt"
"1","mmds-MS","2","30","56","4.56141761693064","-7.12283523386128","0.571783916589104","52.467372952637","63.71413419177","1"
"2","cds-hnc","2","30","56","ll","-7.12283523386126","0.571783915680396","52.4673730360208","63.71413419177","mt"
"3","cds-hnc","2","30","56","ll","-6.64251038289717","0.723346167170585","41.4739185214003","63.71413419177","mt"
"4","cds-hnc-w","2","30","56","ll","-7.12283523386126","0.571783915680396","52.4673730360208","63.71413419177","mt"
"5","cds-hnc-w","2","30","56","ll","-6.64251038289717","0.723346167170585","41.4739185214003","63.71413419177","mt"
"1","mmds-MS","2","30","57","6.33638118026661","-10.6727623605332","0.520838347256794","57.5994455055147","63.71413419177","1"
"2","cds-hnc","2","30","57","ll","-10.6727623605317","0.520838256201157","57.5994555753475","63.71413419177","mt"
"3","cds-hnc","2","30","57","ll","-10.8594126437112","0.692564945073925","43.3172371968636","63.71413419177","mt"
"4","cds-hnc-w","2","30","57","ll","-10.6727623605317","0.520838256201157","57.5994555753475","63.71413419177","mt"
"5","cds-hnc-w","2","30","57","ll","-10.8594126437112","0.692564945073925","43.3172371968636","63.71413419177","mt"
"1","mmds-MS","2","30","58","6.15352212239137","-10.3070442447827","0.525518839157507","57.0864406080949","63.71413419177","1"
"2","cds-hnc","2","30","58","ll","-10.3070442447814","0.525518925983658","57.0864311762825","63.71413419177","mt"
"3","cds-hrp","2","30","58",NA,NA,NA,NA,NA,NA
"4","cds-hnc-w","2","30","58","ll","-10.3070442447814","0.525518925983658","57.0864311762825","63.71413419177","mt"
"5","cds-hrp-w","2","30","58",NA,NA,NA,NA,NA,NA
"1","mmds-MS","2","30","59","3.06038558192322","-4.12077116384644","0.628927644991018","47.70024062216","63.71413419177","1"
"2","cds-hnc","2","30","59","ll","-4.12077116384643","0.628927644285794","47.7002406756469","63.71413419177","mt"
"3","cds-hrp","2","30","59",NA,NA,NA,NA,NA,NA
"4","cds-hnc-w","2","30","59","ll","-4.12077116384643","0.628927644285794","47.7002406756469","63.71413419177","mt"
"5","cds-hnc-w","2","30","59","ll","2.09348299112728","0.56853564182559","52.7671403391155","63.71413419177","mt"
"1","mmds-MS","2","30","60","6.4586567996293","-6.91731359925859","0.17878535095693","167.798982631564","63.71413419177","2"
"2","cds-hnc","2","30","60","ll","-4.81861129830082","0.613985078527929","48.861122279921","63.71413419177","mt"
"3","cds-hnc","2","30","60","ll","-6.00553156970421","0.755050519172517","39.7324407284402","63.71413419177","mt"
"4","cds-hnc-w","2","30","60","ll","-4.81861129830082","0.613985078527929","48.861122279921","63.71413419177","mt"
"5","cds-hnc-w","2","30","60","ll","-6.00553156970421","0.755050519172517","39.7324407284402","63.71413419177","mt"
"1","mmds-MS","2","30","61","2.16613698100732","-2.33227396201465","0.674138566582281","44.5012368185561","63.71413419177","1"
"2","cds-hnc","2","30","61","ll","-2.33227396201416","0.674138488279064","44.5012419875088","63.71413419177","mt"
"3","cds-hnc","2","30","61","ll","-3.5556430312006","0.770447681219386","38.9384000124695","63.71413419177","mt"
"4","cds-hnc-w","2","30","61","ll","-2.33227396201416","0.674138488279064","44.5012419875088","63.71413419177","mt"
"5","cds-hnc-w","2","30","61","ll","-3.5556430312006","0.770447681219386","38.9384000124695","63.71413419177","mt"
"1","mmds-MS","2","30","62","4.71103764558515","-7.4220752911703","0.566935561453293","52.9160667274028","63.71413419177","1"
"2","cds-hnc","2","30","62","ll","-7.42207529116924","0.566935652327287","52.9160582454978","63.71413419177","mt"
"3","cds-hnc","2","30","62","ll","-10.6757135227381","0.675099941593296","44.4378649021911","63.71413419177","mt"
"4","cds-hnc-w","2","30","62","ll","-7.42207529116924","0.566935652327287","52.9160582454978","63.71413419177","mt"
"5","cds-hnc-w","2","30","62","ll","-10.6757135227381","0.675099941593296","44.4378649021911","63.71413419177","mt"
"1","mmds-MS","2","30","63","2.85479713380583","-3.70959426761167","0.638346795493811","46.9963979012265","63.71413419177","1"
"2","cds-hnc","2","30","63","ll","-3.70959426761165","0.638346789753248","46.9963983238585","63.71413419177","mt"
"3","cds-hnc","2","30","63","ll","-2.46217788214726","0.823677022238466","36.4220430945985","63.71413419177","mt"
"4","cds-hnc-w","2","30","63","ll","-3.70959426761165","0.638346789753248","46.9963983238585","63.71413419177","mt"
"5","cds-hnc-w","2","30","63","ll","-2.46217788214726","0.823677022238466","36.4220430945985","63.71413419177","mt"
"1","mmds-MS","2","30","64","2.35563323216406","-2.71126646432813","0.663536583922925","45.2122772532535","63.71413419177","1"
"2","cds-hnc","2","30","64","ll","-2.7112664643281","0.663536584095103","45.2122772415216","63.71413419177","mt"
"3","cds-hrp","2","30","64",NA,NA,NA,NA,NA,NA
"4","cds-hnc-w","2","30","64","ll","-2.7112664643281","0.663536584095103","45.2122772415216","63.71413419177","mt"
"5","cds-hrp-w","2","30","64",NA,NA,NA,NA,NA,NA
"1","mmds-MS","2","30","65","6.73079964384509","-11.4615992876902","0.511098553126559","58.6970943597474","63.71413419177","1"
"2","cds-hnc","2","30","65","ll","-11.4615992876887","0.511098460932076","58.6971049478213","63.71413419177","mt"
"3","cds-hnc","2","30","65","ll","-14.3952317511366","0.641897944414943","46.7364014186764","63.71413419177","mt"
"4","cds-hnc-w","2","30","65","ll","-11.4615992876887","0.511098460932076","58.6971049478213","63.71413419177","mt"
"5","cds-hnc-w","2","30","65","ll","-14.3952317511366","0.641897944414943","46.7364014186764","63.71413419177","mt"
"1","mmds-MS","2","30","66","5.70688659326814","-9.41377318653628","0.537435080623372","55.8206955251283","63.71413419177","1"
"2","cds-hnc","2","30","66","ll","-9.41377318653498","0.537435172339356","55.820685999049","63.71413419177","mt"
"3","cds-hnc","2","30","66","ll","-9.25575437641505","0.655051369690484","45.7979349225316","63.71413419177","mt"
"4","cds-hnc-w","2","30","66","ll","-9.41377318653498","0.537435172339356","55.820685999049","63.71413419177","mt"
"5","cds-hnc-w","2","30","66","ll","-9.25575437641505","0.655051369690484","45.7979349225316","63.71413419177","mt"
"1","mmds-MS","2","30","67","4.25012832329515","-6.5002566465903","0.582284329219834","51.5212216687938","63.71413419177","1"
"2","cds-hnc","2","30","67","ll","-6.50025664659029","0.582284326220589","51.5212219341707","63.71413419177","mt"
"3","cds-hnc","2","30","67","ll","-6.66922484848012","0.672948547442237","44.5799312800732","63.71413419177","mt"
"4","cds-hnc-w","2","30","67","ll","-6.50025664659029","0.582284326220589","51.5212219341707","63.71413419177","mt"
"5","cds-hnc-w","2","30","67","ll","-6.66922484848012","0.672948547442237","44.5799312800732","63.71413419177","mt"
"1","mmds-MS","2","30","68","1.60030237340277","-1.20060474680553","0.710432775199154","42.2277814978204","63.71413419177","1"
"2","cds-hnc","2","30","68","ll","-1.2006047468052","0.710432686251614","42.2277867848199","63.71413419177","mt"
"3","cds-hnc","2","30","68","ll","-2.63935440755209","0.782958573349839","38.3162034635458","63.71413419177","mt"
"4","cds-hnc-w","2","30","68","ll","-1.2006047468052","0.710432686251614","42.2277867848199","63.71413419177","mt"
"5","cds-hnc-w","2","30","68","ll","-2.63935440755209","0.782958573349839","38.3162034635458","63.71413419177","mt"
"1","mmds-MS","2","30","69","4.26789524790838","-6.53579049581676","0.581669120610097","51.575713643753","63.71413419177","1"
"2","cds-hnc","2","30","69","ll","-6.53579049581674","0.581669120337216","51.575713667949","63.71413419177","mt"
"3","cds-hrp","2","30","69",NA,NA,NA,NA,NA,NA
"4","cds-hnc-w","2","30","69","ll","-6.53579049581674","0.581669120337216","51.575713667949","63.71413419177","mt"
"5","cds-hrp-w","2","30","69",NA,NA,NA,NA,NA,NA
"1","mmds-MS","2","30","70","8.74715175576895","-15.4943035115379","0.467434490734774","64.1801163470887","63.71413419177","1"
"2","cds-hnc","2","30","70","ll","-15.4943035115359","0.467434398689919","64.1801289851179","63.71413419177","mt"
"3","cds-hnc","2","30","70","ll","-13.2662880208705","0.648249160318601","46.2785019038908","63.71413419177","mt"
"4","cds-hnc-w","2","30","70","ll","-15.4943035115359","0.467434398689919","64.1801289851179","63.71413419177","mt"
"5","cds-hnc-w","2","30","70","ll","-13.2662880208705","0.648249160318601","46.2785019038908","63.71413419177","mt"
"1","mmds-MS","2","30","71","6.14296281918056","-10.2859256383611","0.525792482220684","57.0567305817973","63.71413419177","1"
"2","cds-hnc","2","30","71","ll","-10.2859256383611","0.525792480962133","57.0567307183698","63.71413419177","mt"
"3","cds-hnc","2","30","71","ll","-15.640948976869","0.683659977336468","43.8814629998961","63.71413419177","mt"
"4","cds-hnc-w","2","30","71","ll","-10.2859256383611","0.525792480962133","57.0567307183698","63.71413419177","mt"
"5","cds-hnc-w","2","30","71","ll","-15.640948976869","0.683659977336468","43.8814629998961","63.71413419177","mt"
"1","mmds-MS","2","30","72","5.9551783595666","-9.9103567191332","0.530722691856327","56.526695504705","63.71413419177","1"
"2","cds-hnc","2","30","72","ll","-9.91035671913318","0.530722686880707","56.5266960346529","63.71413419177","mt"
"3","cds-hnc","2","30","72","ll","-9.48816103047256","0.619465408273182","48.4288542981404","63.71413419177","mt"
"4","cds-hnc-w","2","30","72","ll","-9.91035671913318","0.530722686880707","56.5266960346529","63.71413419177","mt"
"5","cds-hnc-w","2","30","72","ll","-9.48816103047256","0.619465408273182","48.4288542981404","63.71413419177","mt"
